<?xml version="1.0" encoding="UTF-8"?>
<openbox_menu>
    <menu id="root-menu" label="OpenBox 3">
        <menu id="1" label="Development">
            <item label="IDLE (Python IDE)"> <action name="Execute">
                <execute>idle</execute>
            </action> </item>
            <item label="Python"> <action name="Execute">
                <execute>alacritty -e python</execute>
            </action> </item>
        </menu>
        <menu id="2" label="Editors">
            <item label="Nano"> <action name="Execute">
                <execute>alacritty -e nano</execute>
            </action> </item>
        </menu>
        <menu id="18" label="Games">
            <menu id="9" label="Adventure">
                <item label="Sclient"> <action name="Execute">
                    <execute>sclient</execute>
                </action> </item>
            </menu>
            <menu id="10" label="Arcade">
                <item label="PacMan"> <action name="Execute">
                    <execute>pacman</execute>
                </action> </item>
            </menu>
        </menu>
        <menu id="5" label="Network">
            <item label="Avahi SSH Server Browser"> <action name="Execute">
                <execute>bssh</execute>
            </action> </item>
            <item label="Avahi VNC Server Browser"> <action name="Execute">
                <execute>bvnc</execute>
            </action> </item>
            <item label="Web"> <action name="Execute">
                <execute>epiphany</execute>
            </action> </item>
        </menu>
        <menu id="19" label="Shells">
            <item label="Alacritty"> <action name="Execute">
                <execute>alacritty</execute>
            </action> </item>
            <item label="File Manager PCManFM"> <action name="Execute">
                <execute>pcmanfm</execute>
            </action> </item>
            <item label="GIT"> <action name="Execute">
                <execute>alacritty -e git</execute>
            </action> </item>
        </menu>
        <menu id="37" label="System">
            <menu id="36" label="Settings">
                <menu id="21" label="GNOME">
                    <item label="Advanced Network Configuration"> <action name="Execute">
                        <execute>nm-connection-editor</execute>
                    </action> </item>
                </menu>
                <item label="Customize Look and Feel"> <action name="Execute">
                    <execute>lxappearance</execute>
                </action> </item>
                <item label="Desktop Preferences"> <action name="Execute">
                    <execute>pcmanfm --desktop-pref</execute>
                </action> </item>
                <item label="nitrogen"> <action name="Execute">
                    <execute>nitrogen</execute>
                </action> </item>
                <item label="Openbox Configuration Manager"> <action name="Execute">
                    <execute>obconf</execute>
                </action> </item>
                <item label="Preferred Applications"> <action name="Execute">
                    <execute>libfm-pref-apps</execute>
                </action> </item>
            </menu>
            <item label="Avahi Zeroconf Browser"> <action name="Execute">
                <execute>avahi-discover</execute>
            </action> </item>
            <item label="fish"> <action name="Execute">
                <execute>alacritty -e fish</execute>
            </action> </item>
            <item label="pstree"> <action name="Execute">
                <execute>alacritty -e pstree</execute>
            </action> </item>
            <item label="Pstree"> <action name="Execute">
                <execute>alacritty -e pstree.x11</execute>
            </action> </item>
            <item label="Top"> <action name="Execute">
                <execute>alacritty -e top</execute>
            </action> </item>
        </menu>
        <menu id="38" label="Utilities">
            <item label="compton"> <action name="Execute">
                <execute>compton</execute>
            </action> </item>
            <item label="Info"> <action name="Execute">
                <execute>alacritty -e info</execute>
            </action> </item>
            <item label="picom"> <action name="Execute">
                <execute>picom</execute>
            </action> </item>
            <item label="Xev"> <action name="Execute">
                <execute>alacritty -e xev</execute>
            </action> </item>
            <item label="Xkill"> <action name="Execute">
                <execute>xkill</execute>
            </action> </item>
            <item label="Xrefresh"> <action name="Execute">
                <execute>xrefresh</execute>
            </action> </item>
            <item label="Xsetroot"> <action name="Execute">
                <execute>xsetroot</execute>
            </action> </item>
        </menu>
        <separator/>
        <menu id="40" label="OpenBox">
            <menu id="client-list-menu"/>
            <item label="Reconfigure"> <action name="Reconfigure"/> </item>
            <separator/>
            <item label="Exit"> <action name="Exit"/> </item>
        </menu>
    </menu>
</openbox_menu>
